image_name,realVolume,realDensity,real_calorie,side_area,top_area
12,220,0.9522727272727272,131.985,43384,44844
12,220,0.9522727272727272,131.985,34752,44268
12,220,0.9522727272727272,131.985,31675,45696
12,220,0.9522727272727272,131.985,41406,46176
12,220,0.9522727272727272,131.985,30876,37233
12,220,0.9522727272727272,131.985,42048,42228
12,220,0.9522727272727272,131.985,45353,39360
12,220,0.9522727272727272,131.985,35931,46920
12,220,0.9522727272727272,131.985,35600,45696
12,220,0.9522727272727272,131.985,30100,60813
12,220,0.9522727272727272,131.985,32922,44908
12,220,0.9522727272727272,131.985,35442,33831
12,220,0.9522727272727272,131.985,42845,56069
12,220,0.9522727272727272,131.985,34968,49042
12,220,0.9522727272727272,131.985,35156,55209
12,270,0.8611111111111112,146.475,34980,48590
12,270,0.8611111111111112,146.475,28350,55845
12,270,0.8611111111111112,146.475,32076,55692
12,270,0.8611111111111112,146.475,31584,67770
12,270,0.8611111111111112,146.475,34028,59160
12,270,0.8611111111111112,146.475,29548,62805
12,270,0.8611111111111112,146.475,29548,44485
12,270,0.8611111111111112,146.475,33631,44521
12,270,0.8611111111111112,146.475,29503,43618
12,270,0.8611111111111112,146.475,33660,51516
12,270,0.8611111111111112,146.475,35321,44550
12,270,0.8611111111111112,146.475,30770,43039
12,270,0.8611111111111112,146.475,30780,52875
12,270,0.8611111111111112,146.475,33165,43645
12,270,0.8611111111111112,146.475,29700,51666
12,270,0.8611111111111112,146.475,34814,48530
12,270,0.8611111111111112,146.475,29356,42336
12,270,0.8611111111111112,146.475,33800,48144
12,270,0.8611111111111112,146.475,31992,59400
12,270,0.8611111111111112,146.475,30080,71928
12,270,0.8611111111111112,146.475,31265,58316
12,250,0.888,139.86,40337,54984
12,250,0.888,139.86,40803,64008
12,250,0.888,139.86,42800,52560
12,250,0.888,139.86,35502,54918
12,250,0.888,139.86,36672,61744
12,250,0.888,139.86,38218,46800
12,250,0.888,139.86,39520,49006
12,250,0.888,139.86,42642,52210
12,250,0.888,139.86,40560,50840
12,250,0.888,139.86,39520,53592
12,250,0.888,139.86,43878,57750
12,250,0.888,139.86,39576,73432
12,250,0.888,139.86,43000,44308
12,250,0.888,139.86,37224,43884
12,250,0.888,139.86,38916,48399
12,250,0.888,139.86,41302,59280
12,250,0.888,139.86,43290,55695
12,260,0.9,147.42,42586,54880
12,260,0.9,147.42,38986,57340
12,260,0.9,147.42,40755,70434
12,260,0.9,147.42,40420,61997
12,260,0.9,147.42,41944,58250
12,260,0.9,147.42,42210,70200
12,260,0.9,147.42,41961,63162
12,260,0.9,147.42,38606,69930
12,260,0.9,147.42,45150,52360
12,260,0.9,147.42,41778,63222
12,260,0.9,147.42,44051,59738
12,260,0.9,147.42,39390,49940
12,220,0.8400000000000001,116.424,38372,47908
12,220,0.8400000000000001,116.424,40397,40766
12,220,0.8400000000000001,116.424,47034,38088
12,220,0.8400000000000001,116.424,48158,44583
12,220,0.8400000000000001,116.424,33734,49704
12,220,0.8400000000000001,116.424,60258,61752
12,220,0.8400000000000001,116.424,34572,49750
12,260,0.8384615384615385,137.34,102678,65780
12,260,0.8384615384615385,137.34,99792,97328
12,260,0.8384615384615385,137.34,120309,44916
12,130,1.3823076923076922,113.211,25440,1260
12,130,1.3823076923076922,113.211,24492,11342
12,130,1.3823076923076922,113.211,30616,17388
12,130,1.3823076923076922,113.211,19008,17250
12,280,0.7067857142857144,124.677,82320,99072
12,200,0.8865000000000001,111.699,30544,10918
12,200,0.8865000000000001,111.699,26364,8455
12,200,0.8865000000000001,111.699,23408,10080
12,200,0.8865000000000001,111.699,25277,10545
12,200,0.8865000000000001,111.699,23408,14145
12,200,0.8865000000000001,111.699,23236,9025
12,200,0.8865000000000001,111.699,22200,11625
12,200,0.8965000000000001,112.959,34762,3540
12,200,0.8965000000000001,112.959,33489,31486
12,150,0.926,87.50699999999999,45938,40180
12,150,0.926,87.50699999999999,44084,54480
12,150,0.926,87.50699999999999,70626,43044
12,190,0.8542105263157895,102.249,15860,14884
12,190,0.8542105263157895,102.249,15340,18760
12,190,0.8542105263157895,102.249,15488,14260
12,190,0.8542105263157895,102.249,15120,13924
12,210,0.9642857142857144,127.57500000000002,115170,82302
12,210,0.9642857142857144,127.57500000000002,92976,80360
12,210,0.9642857142857144,127.57500000000002,111552,105294
12,210,0.9642857142857144,127.57500000000002,117325,103320
12,210,0.9642857142857144,127.57500000000002,89385,99221
12,210,0.9642857142857144,127.57500000000002,106760,102718
12,210,0.9642857142857144,127.57500000000002,103243,99680
12,160,1.046875,105.525,19519,14868
12,160,1.046875,105.525,20655,12862
12,160,1.378125,138.915,56400,39008
15,260,0.95,96.33,34672,37740
15,260,0.95,96.33,38400,41612
15,260,0.95,96.33,35084,39592
15,260,0.95,96.33,39004,43164
15,260,0.95,96.33,37961,41109
15,260,0.95,96.33,32725,46428
15,260,0.95,96.33,42833,41202
15,260,0.95,96.33,35800,44732
15,260,0.95,96.33,35376,32351
15,260,0.95,96.33,37050,47730
15,260,0.95,96.33,38009,42600
15,260,0.95,96.33,40397,41610
15,260,0.95,96.33,35335,43645
15,260,0.95,96.33,33642,37248
15,290,0.9655172413793104,109.2,44517,40572
15,290,0.9655172413793104,109.2,42640,45627
15,290,0.9655172413793104,109.2,44280,49434
15,290,0.9655172413793104,109.2,43263,51520
15,290,0.9655172413793104,109.2,46216,48578
15,290,0.9655172413793104,109.2,45173,50140
15,290,0.9655172413793104,109.2,48174,45320
15,290,0.9655172413793104,109.2,49464,46224
15,290,0.9655172413793104,109.2,49056,44512
15,290,0.9655172413793104,109.2,49268,42510
15,290,0.9655172413793104,109.2,45269,45796
15,290,0.9655172413793104,109.2,45320,42622
15,290,0.9655172413793104,109.2,48972,42640
15,290,0.9655172413793104,109.2,45562,40198
15,290,0.9655172413793104,109.2,44916,49946
15,200,0.9875,77.025,24192,14012
15,200,0.9875,77.025,25578,10101
15,200,0.9875,77.025,23532,13192
15,200,0.9875,77.025,24883,7055
15,200,0.9875,77.025,19028,6972
15,210,0.9785714285714284,80.145,42021,34692
15,210,0.9785714285714284,80.145,26026,39744
15,210,0.9785714285714284,80.145,53058,36642
15,210,0.9785714285714284,80.145,52819,33756
15,210,0.9785714285714284,80.145,42024,28900
15,210,0.9785714285714284,80.145,44485,38190
15,210,0.9785714285714284,80.145,46689,34038
15,210,0.9785714285714284,80.145,48552,35717
15,210,0.9785714285714284,80.145,41808,47053
15,210,0.9785714285714284,80.145,63180,30275
15,210,0.9785714285714284,80.145,44863,42680
15,210,0.9785714285714284,80.145,43026,30267
15,210,0.9785714285714284,80.145,38850,27030
15,210,0.9785714285714284,80.145,42021,31160
15,210,0.9785714285714284,80.145,28724,36000
15,210,0.9785714285714284,80.145,40200,41764
15,210,0.9785714285714284,80.145,42211,34825
15,210,0.9785714285714284,80.145,57040,33088
15,210,0.9785714285714284,80.145,39000,38148
15,230,0.8717391304347826,78.19500000000001,19840,18625
15,230,0.8717391304347826,78.19500000000001,14238,18392
15,230,0.8717391304347826,78.19500000000001,14824,14464
15,230,0.8717391304347826,78.19500000000001,17955,13806
15,230,0.8717391304347826,78.19500000000001,26827,10302
15,230,0.8717391304347826,78.19500000000001,21330,14690
15,230,0.8717391304347826,78.19500000000001,15498,17931
15,230,0.8717391304347826,78.19500000000001,16383,15065
15,260,0.9576923076923076,97.11,34408,51385
15,260,0.9576923076923076,97.11,34354,65000
15,260,0.9576923076923076,97.11,38808,39975
15,260,0.9576923076923076,97.11,38612,61124
15,260,0.9576923076923076,97.11,36828,44880
15,260,0.9576923076923076,97.11,33582,38640
15,260,0.9576923076923076,97.11,36848,55081
15,260,0.9576923076923076,97.11,33847,66308
15,260,0.9576923076923076,97.11,39984,46631
15,260,0.9576923076923076,97.11,38352,53724
15,260,0.9576923076923076,97.11,39597,38610
15,260,0.9576923076923076,97.11,35820,49050
15,260,0.9576923076923076,97.11,37611,49203
15,260,0.9576923076923076,97.11,37536,42387
15,260,0.9576923076923076,97.11,36099,57121
17,90,1.068888888888889,54.834,17303,4752
17,90,1.068888888888889,54.834,19050,27825
17,90,1.068888888888889,54.834,17952,31146
17,90,1.068888888888889,54.834,16008,4356
17,90,1.068888888888889,54.834,16456,28223
17,90,1.068888888888889,54.834,15996,40337
17,90,1.068888888888889,54.834,17420,40572
17,90,1.068888888888889,54.834,17673,27378
17,90,1.068888888888889,54.834,16896,36888
17,90,1.068888888888889,54.834,14994,20580
17,90,1.068888888888889,54.834,15561,25596
17,90,1.068888888888889,54.834,16632,24955
17,90,1.068888888888889,54.834,17666,27058
17,90,1.068888888888889,54.834,17290,28390
17,90,1.068888888888889,54.834,16317,27224
17,90,1.068888888888889,54.834,19126,41160
17,90,1.068888888888889,54.834,15972,32936
17,90,1.068888888888889,54.834,17423,26871
17,90,1.068888888888889,54.834,15840,22464
17,100,1.038,59.166,22338,23864
17,100,1.038,59.166,21462,22350
17,100,1.038,59.166,25440,28000
17,100,1.038,59.166,25428,30438
17,100,1.038,59.166,21016,29970
17,100,1.038,59.166,22800,4970
17,100,1.038,59.166,19608,33984
17,100,1.038,59.166,23250,28900
17,100,1.038,59.166,22946,24915
17,100,1.038,59.166,23542,27388
17,100,1.038,59.166,24311,29014
17,100,1.038,59.166,23850,36652
17,100,1.038,59.166,24624,30616
17,100,1.038,59.166,24472,25519
17,150,1.0566666666666666,90.345,27125,5329
17,150,1.0566666666666666,90.345,26887,69390
17,150,1.0566666666666666,90.345,22240,53550
17,150,1.0566666666666666,90.345,27492,43904
17,150,1.0566666666666666,90.345,26406,61468
17,150,1.0566666666666666,90.345,34713,45900
17,150,1.0566666666666666,90.345,29548,39919
17,150,1.0566666666666666,90.345,3843,69901
17,110,0.9618181818181818,60.30599999999999,27300,24016
17,110,0.9618181818181818,60.30599999999999,22308,3658
17,110,0.9618181818181818,60.30599999999999,24174,19430
17,110,0.9618181818181818,60.30599999999999,22800,20838
17,110,0.9618181818181818,60.30599999999999,25591,24180
17,110,0.9618181818181818,60.30599999999999,24804,22797
17,110,0.9827272727272728,61.617,25920,36084
17,110,0.9827272727272728,61.617,28884,33616
17,110,0.9827272727272728,61.617,4970,31506
17,110,0.9827272727272728,61.617,28386,25434
17,110,0.9827272727272728,61.617,23864,4623
17,110,0.9827272727272728,61.617,25116,37185
17,110,0.9827272727272728,61.617,28188,26569
14,180,1.0355555555555556,50.328,23424,43632
14,180,1.0355555555555556,50.328,58298,59769
14,180,1.0355555555555556,50.328,23674,39382
14,180,1.0355555555555556,50.328,21294,47432
14,180,1.0355555555555556,50.328,53667,56475
14,180,1.0355555555555556,50.328,22936,41800
14,180,1.0355555555555556,50.328,48260,55845
14,180,1.0355555555555556,50.328,24257,57885
14,180,1.0355555555555556,50.328,23290,39104
14,180,1.0355555555555556,50.328,21750,49450
14,180,1.0355555555555556,50.328,47941,48108
14,180,1.0355555555555556,50.328,43380,42622
14,180,1.0355555555555556,50.328,23187,53805
14,180,1.0355555555555556,50.328,25608,44702
14,180,1.0355555555555556,50.328,24235,56025
14,180,1.0355555555555556,50.328,49051,45900
14,180,1.0355555555555556,50.328,22156,35530
14,180,1.0355555555555556,50.328,24344,44823
14,180,1.0355555555555556,50.328,47502,45968
14,180,1.0355555555555556,50.328,22692,40986
14,180,1.0355555555555556,50.328,24570,40376
14,180,1.0355555555555556,50.328,23140,48832
14,180,1.0355555555555556,50.328,23449,43000
14,180,1.0355555555555556,50.328,45872,34965
14,180,1.0355555555555556,50.328,24344,49922
14,180,1.0355555555555556,50.328,22968,48972
14,180,1.0355555555555556,50.328,23296,44084
14,180,1.0355555555555556,50.328,24064,60228
14,180,1.0355555555555556,50.328,22750,44298
14,180,1.0355555555555556,50.328,24768,46535
14,180,1.0355555555555556,50.328,22196,43485
14,180,1.0355555555555556,50.328,23140,41818
14,210,1.0214285714285714,57.915,30595,52664
14,210,1.0214285714285714,57.915,28424,70890
14,210,1.0214285714285714,57.915,27810,68580
14,210,1.0214285714285714,57.915,28171,53336
14,210,1.0214285714285714,57.915,27588,49796
14,210,1.0214285714285714,57.915,31725,61254
14,210,1.0214285714285714,57.915,30576,72352
14,210,1.0214285714285714,57.915,26030,73160
14,210,1.0214285714285714,57.915,30672,66174
14,160,1.08375,46.818000000000005,27000,58566
14,160,1.08375,46.818000000000005,26190,45126
14,160,1.08375,46.818000000000005,27398,56165
14,160,1.08375,46.818000000000005,27811,42824
14,160,1.08375,46.818000000000005,26187,48600
14,160,1.08375,46.818000000000005,26989,51863
14,160,1.08375,46.818000000000005,26467,44308
14,160,1.08375,46.818000000000005,27811,48351
14,160,1.08375,46.818000000000005,27664,53900
14,160,1.08375,46.818000000000005,27132,63646
14,160,1.08375,46.818000000000005,25807,46308
14,160,1.08375,46.818000000000005,27244,38760
14,160,1.08375,46.818000000000005,25080,59648
14,160,1.08375,46.818000000000005,29502,55632
14,160,1.08375,46.818000000000005,27800,43143
14,160,1.08375,46.818000000000005,27720,54755
14,160,1.08375,46.818000000000005,27860,59532
14,160,1.08375,46.818000000000005,29190,55986
14,160,1.08375,46.818000000000005,28400,67404
14,160,1.08375,46.818000000000005,30302,50095
14,160,1.08375,46.818000000000005,25137,39457
14,160,1.08375,46.818000000000005,26852,42833
14,160,1.08375,46.818000000000005,26980,52650
14,160,1.08375,46.818000000000005,28420,52320
14,160,1.08375,46.818000000000005,23310,44726
14,190,0.811578947368421,41.634,21971,40796
14,190,0.811578947368421,41.634,24030,38272
14,190,0.811578947368421,41.634,22440,39999
14,190,0.811578947368421,41.634,21824,37440
14,190,0.811578947368421,41.634,23182,38880
14,190,0.811578947368421,41.634,23807,42230
14,190,0.811578947368421,41.634,22317,33123
14,190,0.811578947368421,41.634,22008,34596
14,190,0.811578947368421,41.634,22317,32661
14,190,0.811578947368421,41.634,21590,34595
14,190,0.811578947368421,41.634,22270,41200
14,190,0.811578947368421,41.634,21679,29548
14,190,0.811578947368421,41.634,23460,43734
14,190,0.811578947368421,41.634,23153,46440
7,60,0.64,927.744,12903,6171
7,60,0.64,927.744,12267,9135
7,60,0.64,927.744,22134,13365
7,60,0.64,927.744,11858,8024
7,60,0.64,927.744,16848,9362
7,60,0.64,927.744,13984,9880
7,60,0.66,956.736,30910,42050
7,60,0.66,956.736,33176,39235
7,60,0.66,956.736,34770,33600
7,60,0.66,956.736,29008,35910
7,60,0.66,956.736,34968,34304
7,60,0.66,956.736,31372,33642
7,60,0.66,956.736,33060,38497
7,60,0.66,956.736,32085,55444
7,60,0.66,956.736,29757,30935
7,70,0.6557142857142857,1108.944,37632,32964
7,70,0.6557142857142857,1108.944,38080,32086
7,70,0.6557142857142857,1108.944,33024,19584
7,70,0.6557142857142857,1108.944,42560,34715
7,70,0.6557142857142857,1108.944,31872,34580
7,70,0.6557142857142857,1108.944,38500,46357
7,70,0.6557142857142857,1108.944,42534,26510
7,70,0.6557142857142857,1108.944,34314,28084
7,70,0.6557142857142857,1108.944,34959,27798
7,90,0.5011111111111112,1089.6160000000002,39530,34902
7,90,0.5011111111111112,1089.6160000000002,27538,27642
7,90,0.5011111111111112,1089.6160000000002,28770,37926
7,90,0.5011111111111112,1089.6160000000002,32368,33465
7,90,0.5011111111111112,1089.6160000000002,38766,33174
7,90,0.5011111111111112,1089.6160000000002,45240,28160
7,90,0.5011111111111112,1089.6160000000002,31185,33480
7,90,0.5011111111111112,1089.6160000000002,29988,31980
7,50,0.804,971.232,4187,10005
7,50,0.804,971.232,9720,7224
7,50,0.804,971.232,4233,8850
7,50,0.804,971.232,8850,8064
7,50,0.804,971.232,4284,8601
7,50,0.804,971.232,7252,10048
7,60,0.63,913.248,30510,31270
7,60,0.63,913.248,33111,23760
7,60,0.63,913.248,39729,25792
7,60,0.63,913.248,34220,26316
7,60,0.63,913.248,33335,32175
7,60,0.63,913.248,34317,40576
7,60,0.63,913.248,29085,30281
7,60,0.63,913.248,33810,32448
7,80,0.52125,1007.472,40192,45990
7,80,0.52125,1007.472,33390,40194
7,80,0.52125,1007.472,35098,37696
7,80,0.52125,1007.472,38493,33695
7,80,0.52125,1007.472,31672,32205
7,80,0.52125,1007.472,36176,38688
7,80,0.52125,1007.472,36408,39852
7,80,0.52125,1007.472,30316,38688
7,80,0.52125,1007.472,33330,30324
11,80,1.0775,51.71999999999999,25920,35866
11,80,1.0775,51.71999999999999,24700,30400
11,80,1.0775,51.71999999999999,33792,36572
11,80,1.0775,51.71999999999999,32240,43010
11,80,1.0775,51.71999999999999,31702,30388
11,80,1.0775,51.71999999999999,27537,32616
11,80,1.0775,51.71999999999999,32612,34884
11,80,1.0775,51.71999999999999,26398,34444
11,80,1.0775,51.71999999999999,32634,28855
11,80,1.0775,51.71999999999999,28137,37513
11,80,1.0775,51.71999999999999,38144,30602
11,80,1.0775,51.71999999999999,28237,29920
11,200,1.015,121.79999999999998,51731,52461
11,200,1.015,121.79999999999998,44688,57195
11,200,1.015,121.79999999999998,39780,43200
11,200,1.015,121.79999999999998,42900,56079
11,200,1.015,121.79999999999998,46536,44781
11,200,1.015,121.79999999999998,41340,61305
11,200,1.015,121.79999999999998,15604,51675
11,200,1.015,121.79999999999998,38896,30615
11,200,1.015,121.79999999999998,49997,59364
11,200,1.015,121.79999999999998,43754,55488
11,90,1.1588888888888889,62.58,23870,35550
11,90,1.1588888888888889,62.58,19530,35015
11,90,1.1588888888888889,62.58,15429,37206
11,90,1.1588888888888889,62.58,23856,43925
11,90,1.1588888888888889,62.58,16006,51408
11,90,1.1588888888888889,62.58,15476,38760
11,90,1.1588888888888889,62.58,22755,44589
11,90,1.1588888888888889,62.58,25086,56549
11,90,1.1588888888888889,62.58,24084,32929
11,90,1.1588888888888889,62.58,23532,42500
11,110,0.9063636363636364,59.82,23072,29784
11,110,0.9063636363636364,59.82,21412,35495
11,110,0.9063636363636364,59.82,23088,32012
11,110,0.9063636363636364,59.82,21384,27126
11,110,0.9063636363636364,59.82,21735,35872
11,110,0.9063636363636364,59.82,19982,39044
11,110,0.9063636363636364,59.82,21525,46898
11,130,1.1576923076923078,90.3,27900,45410
11,130,1.1576923076923078,90.3,39780,46624
11,130,1.1576923076923078,90.3,32430,32395
11,130,1.1576923076923078,90.3,32912,52224
11,130,1.1576923076923078,90.3,41496,55013
11,130,1.1576923076923078,90.3,29253,47685
11,130,1.1576923076923078,90.3,25760,48830
11,130,1.1576923076923078,90.3,31780,42588
11,130,1.1576923076923078,90.3,26226,63722
11,60,0.9183333333333332,33.059999999999995,13588,33170
11,60,0.9183333333333332,33.059999999999995,13284,37909
11,60,0.9183333333333332,33.059999999999995,13600,16459
11,60,0.9183333333333332,33.059999999999995,13904,26934
11,60,0.9183333333333332,33.059999999999995,13446,35112
11,60,0.9183333333333332,33.059999999999995,4160,33750
11,60,0.9183333333333332,33.059999999999995,13746,26549
11,50,1.418,42.53999999999999,16192,27600
11,50,1.418,42.53999999999999,14696,22375
11,50,1.418,42.53999999999999,10856,21648
11,50,1.418,42.53999999999999,16435,26532
11,50,1.418,42.53999999999999,15576,24104
11,50,1.418,42.53999999999999,16376,25074
11,50,1.418,42.53999999999999,17654,33852
11,50,1.418,42.53999999999999,16262,29887
11,50,1.418,42.53999999999999,16245,28424
11,50,1.418,42.53999999999999,15834,28341
11,50,1.418,42.53999999999999,15272,25403
11,50,1.418,42.53999999999999,15200,24840
11,90,0.9733333333333332,52.55999999999999,20055,22448
11,90,0.9733333333333332,52.55999999999999,22472,30316
11,90,0.9733333333333332,52.55999999999999,23608,42672
11,90,0.9733333333333332,52.55999999999999,21930,41236
11,90,0.9733333333333332,52.55999999999999,21828,30738
11,90,0.9733333333333332,52.55999999999999,22776,4692
11,90,0.9733333333333332,52.55999999999999,21216,33033
11,90,0.9733333333333332,52.55999999999999,23647,34717
11,90,0.9733333333333332,52.55999999999999,22351,26733
11,90,0.9733333333333332,52.55999999999999,20790,27744
11,90,0.9733333333333332,52.55999999999999,20758,32528
11,90,0.9733333333333332,52.55999999999999,21917,23562
11,180,1.0683333333333334,115.38,35223,56516
11,180,1.0683333333333334,115.38,43032,40633
11,180,1.0683333333333334,115.38,44030,44460
11,180,1.0683333333333334,115.38,46426,55296
11,180,1.0683333333333334,115.38,31840,41940
11,180,1.0683333333333334,115.38,38720,25521
11,180,1.0683333333333334,115.38,30846,39610
11,50,1.366,40.98,18336,25536
11,50,1.366,40.98,17184,22878
11,50,1.366,40.98,18800,23424
11,50,1.366,40.98,19012,26532
11,50,1.366,40.98,17108,20815
11,50,1.366,40.98,18711,26130
11,50,1.366,40.98,19900,27060
11,50,1.366,40.98,19700,23862
11,50,1.366,40.98,18912,25326
11,50,1.366,40.98,19208,25840
11,50,1.366,40.98,18228,24888
9,100,0.975,28.275,20878,36166
9,100,0.975,28.275,19800,29488
9,100,0.975,28.275,20880,37060
9,100,0.975,28.275,18904,40320
9,100,0.975,28.275,18620,35319
9,100,0.975,28.275,18906,29382
9,100,0.975,28.275,19404,34726
9,100,0.975,28.275,46964,32037
9,100,0.975,28.275,20440,31408
9,100,0.975,28.275,22185,37800
9,100,0.975,28.275,19448,21460
9,100,0.975,28.275,19458,34390
9,100,0.975,28.275,17952,32942
9,100,0.975,28.275,22308,43610
9,100,0.975,28.275,21021,40454
9,100,0.975,28.275,22630,36000
9,100,0.975,28.275,19599,41612
9,100,0.975,28.275,20022,37245
9,100,0.975,28.275,19182,35360
9,100,0.975,28.275,20727,39117
9,100,0.975,28.275,20790,25025
9,100,0.975,28.275,21128,36842
9,100,0.975,28.275,18632,35526
9,100,0.975,28.275,17820,31476
9,100,0.942,27.317999999999994,19043,37625
9,100,0.942,27.317999999999994,19845,29580
9,100,0.942,27.317999999999994,19992,33578
9,100,0.942,27.317999999999994,19950,41480
9,100,0.942,27.317999999999994,18340,30960
9,100,0.942,27.317999999999994,16510,35046
9,100,0.942,27.317999999999994,19980,32648
9,100,0.942,27.317999999999994,16492,29580
9,100,0.942,27.317999999999994,20043,32499
9,100,0.942,27.317999999999994,20328,29920
9,100,0.942,27.317999999999994,16254,29304
9,100,0.942,27.317999999999994,20989,40991
9,100,0.942,27.317999999999994,20433,16510
9,100,0.942,27.317999999999994,18070,39044
9,100,0.942,27.317999999999994,16750,31512
9,100,0.942,27.317999999999994,16080,37060
9,100,0.942,27.317999999999994,19140,32283
9,100,0.901,26.129,18495,36096
9,100,0.901,26.129,21920,25418
9,100,0.901,26.129,18216,31310
9,100,0.901,26.129,18209,27216
9,100,0.901,26.129,17810,25576
9,100,0.901,26.129,21432,33115
9,100,0.901,26.129,22419,30940
9,100,0.901,26.129,18209,29930
9,100,0.901,26.129,17526,30704
9,100,0.901,26.129,20727,29406
9,100,0.901,26.129,20520,31563
9,90,1.0255555555555556,26.767,23103,33998
9,90,1.0255555555555556,26.767,23393,33306
9,90,1.0255555555555556,26.767,24640,35844
9,90,1.0255555555555556,26.767,20002,35343
9,90,1.0255555555555556,26.767,21560,29646
9,90,1.0255555555555556,26.767,22946,31442
9,90,1.0255555555555556,26.767,22752,31146
9,90,1.0255555555555556,26.767,19817,29605
9,90,1.0255555555555556,26.767,23542,30794
9,90,1.0255555555555556,26.767,24178,29568
9,90,1.0255555555555556,26.767,22176,29862
9,90,1.0255555555555556,26.767,25232,34440
9,90,1.0255555555555556,26.767,22475,30267
9,90,1.0255555555555556,26.767,22451,31959
9,90,1.0255555555555556,26.767,25584,30616
9,90,1.0255555555555556,26.767,23828,35119
9,90,1.0255555555555556,26.767,24786,28362
1,290,0.7982758620689655,120.38,43264,63700
1,290,0.7982758620689655,120.38,41516,56635
1,290,0.7982758620689655,120.38,42749,59033
1,290,0.7982758620689655,120.38,41472,46460
1,290,0.7982758620689655,120.38,42120,67599
1,290,0.7982758620689655,120.38,37105,52156
1,290,0.7982758620689655,120.38,38502,61976
1,290,0.7982758620689655,120.38,37332,58563
1,290,0.7982758620689655,120.38,38896,50844
1,290,0.7982758620689655,120.38,43095,65224
1,330,0.8257575757575758,141.70000000000002,49896,44296
1,330,0.8257575757575758,141.70000000000002,52440,56406
1,330,0.8257575757575758,141.70000000000002,44732,71936
1,330,0.8257575757575758,141.70000000000002,51230,69420
1,330,0.8257575757575758,141.70000000000002,50175,43890
1,330,0.8257575757575758,141.70000000000002,47961,45878
1,330,0.8257575757575758,141.70000000000002,50576,56133
1,330,0.8257575757575758,141.70000000000002,49952,67208
1,330,0.8257575757575758,141.70000000000002,47925,49910
1,330,0.8257575757575758,141.70000000000002,52425,59013
1,330,0.8257575757575758,141.70000000000002,45136,65487
1,330,0.8257575757575758,141.70000000000002,52425,56876
1,330,0.8257575757575758,141.70000000000002,47234,53360
1,330,0.8257575757575758,141.70000000000002,46652,49728
1,330,0.8257575757575758,141.70000000000002,47064,68040
1,330,0.8257575757575758,141.70000000000002,44304,39537
1,330,0.8257575757575758,141.70000000000002,46410,51246
1,330,0.8257575757575758,141.70000000000002,46866,63516
1,330,0.8257575757575758,141.70000000000002,51480,68864
1,330,0.8257575757575758,141.70000000000002,52819,49280
1,330,0.8257575757575758,141.70000000000002,47840,53357
1,330,0.8257575757575758,141.70000000000002,46350,62720
1,330,0.8257575757575758,141.70000000000002,51246,63404
1,330,0.7727272727272727,132.6,53520,64232
1,330,0.7727272727272727,132.6,55350,53360
1,330,0.7727272727272727,132.6,48822,55822
1,330,0.7727272727272727,132.6,48488,49713
1,330,0.7727272727272727,132.6,50820,47250
1,330,0.7727272727272727,132.6,50640,61200
1,330,0.7727272727272727,132.6,50995,61005
1,330,0.7727272727272727,132.6,52560,59250
1,330,0.7727272727272727,132.6,56563,52658
1,330,0.7727272727272727,132.6,51726,58322
1,330,0.7727272727272727,132.6,48930,56826
1,330,0.7727272727272727,132.6,48279,53297
1,330,0.7727272727272727,132.6,52030,41193
1,330,0.7727272727272727,132.6,52056,66528
1,330,0.7727272727272727,132.6,52250,51075
1,330,0.7727272727272727,132.6,53750,46860
1,330,0.7727272727272727,132.6,46060,68563
1,330,0.7727272727272727,132.6,51516,48168
1,330,0.7727272727272727,132.6,51728,60021
1,330,0.7727272727272727,132.6,54064,45248
1,330,0.7727272727272727,132.6,49770,45771
1,330,0.7727272727272727,132.6,58000,44944
1,330,0.7727272727272727,132.6,52640,52628
1,330,0.7727272727272727,132.6,50955,48792
1,330,0.7727272727272727,132.6,47908,61005
1,300,0.85,132.6,43460,16500
1,300,0.85,132.6,50167,19170
1,300,0.85,132.6,50830,19599
1,300,0.85,132.6,44512,16368
1,300,0.85,132.6,52425,18620
1,300,0.85,132.6,57838,18084
1,360,0.8013888888888889,150.02,87600,71208
1,360,0.8013888888888889,150.02,85544,40934
1,360,0.8013888888888889,150.02,87021,75946
1,290,0.8017241379310345,120.9,110055,66276
1,290,0.8017241379310345,120.9,97968,52875
1,290,0.8017241379310345,120.9,131043,70980
1,290,0.8017241379310345,120.9,127385,66304
1,290,0.8017241379310345,120.9,115188,101738
1,390,0.7525641025641026,152.62,45732,84630
1,390,0.7525641025641026,152.62,45954,79523
1,390,0.7525641025641026,152.62,47765,71020
1,390,0.7525641025641026,152.62,41976,67334
1,390,0.7525641025641026,152.62,42680,87535
1,390,0.7525641025641026,152.62,44775,84234
1,390,0.7525641025641026,152.62,48825,64000
1,390,0.7525641025641026,152.62,44712,68110
1,390,0.7525641025641026,152.62,45154,97026
1,390,0.7525641025641026,152.62,42532,56876
1,390,0.7525641025641026,152.62,45732,51525
1,390,0.7525641025641026,152.62,47515,53586
1,290,0.8206896551724138,123.76,54168,91374
1,290,0.8206896551724138,123.76,58788,76665
1,290,0.8206896551724138,123.76,59400,72898
1,330,0.7893939393939394,135.46,60467,31806
1,330,0.7893939393939394,135.46,64000,50244
1,330,0.7893939393939394,135.46,69750,50456
1,350,0.7214285714285714,131.3,44064,47088
1,350,0.7214285714285714,131.3,48399,50625
1,350,0.7214285714285714,131.3,47961,42435
1,350,0.7214285714285714,131.3,34888,63945
1,350,0.7214285714285714,131.3,37149,48548
1,350,0.7214285714285714,131.3,49932,40572
1,350,0.7214285714285714,131.3,38024,26235
1,290,0.8137931034482758,122.72,52664,58032
1,290,0.8137931034482758,122.72,64770,52920
1,290,0.8137931034482758,122.72,49494,53572
1,290,0.8137931034482758,122.72,35150,51230
1,290,0.8137931034482758,122.72,64769,45795
1,290,0.8137931034482758,122.72,49464,45114
1,290,0.8137931034482758,122.72,45369,54044
1,300,0.78,121.68,161504,105429
1,300,0.78,121.68,135000,85120
1,280,0.7821428571428571,113.88,106512,65928
1,420,0.7738095238095238,169.0,82052,79674
1,420,0.7738095238095238,169.0,72884,86427
1,420,0.7738095238095238,169.0,60452,83600
1,310,0.7419354838709677,119.6,44051,49248
1,310,0.7419354838709677,119.6,44280,53590
1,310,0.7419354838709677,119.6,48256,58310
1,310,0.7419354838709677,119.6,44178,61254
1,310,0.7887096774193548,127.14,39480,62730
1,300,0.7933333333333333,123.76,45000,66306
1,300,0.7933333333333333,123.76,62568,65455
1,300,0.7933333333333333,123.76,59110,47936
1,280,0.7589285714285714,110.5,95172,67840
1,280,0.7589285714285714,110.5,128412,91168
1,310,0.7935483870967742,127.92,61952,49910
1,310,0.7935483870967742,127.92,61596,42021
1,310,0.7935483870967742,127.92,51272,53100
18,150,1.012,69.828,32164,55250
18,150,1.012,69.828,31563,48410
18,150,1.012,69.828,33264,74200
18,150,1.012,69.828,33453,47443
18,150,1.012,69.828,31872,51480
18,150,1.012,69.828,36091,47765
18,150,1.012,69.828,36993,45288
18,150,1.012,69.828,31428,47712
18,150,1.012,69.828,32565,40420
18,150,1.012,69.828,34719,47840
18,150,1.012,69.828,28800,54432
18,150,1.012,69.828,34645,41580
18,150,1.012,69.828,30360,48375
18,150,1.012,69.828,38368,46224
18,150,1.012,69.828,31482,49728
18,150,1.012,69.828,35292,44844
18,150,1.012,69.828,31020,48720
18,150,1.012,69.828,32160,45100
18,150,1.012,69.828,30618,53240
18,150,1.012,69.828,29322,46056
18,150,1.012,69.828,33400,34010
18,150,1.012,69.828,27745,51246
18,150,1.012,69.828,32175,53482
18,100,0.907,41.722,22022,32016
18,100,0.907,41.722,22168,32870
18,100,0.907,41.722,22518,26880
18,100,0.907,41.722,23598,34770
18,100,0.907,41.722,20800,29646
18,100,0.907,41.722,21666,25551
18,100,0.907,41.722,22240,26702
18,100,0.907,41.722,19720,29925
18,100,0.907,41.722,20944,27825
18,100,0.907,41.722,23452,32364
18,100,0.907,41.722,21413,23360
18,100,0.907,41.722,22211,24804
18,100,0.907,41.722,23542,30624
18,100,0.907,41.722,22848,26560
18,100,0.907,41.722,22137,29392
18,100,0.907,41.722,21896,30178
18,100,0.907,41.722,21574,22638
18,100,0.907,41.722,21016,38021
18,100,1.069,49.174,19250,40964
18,100,1.069,49.174,24564,26163
18,100,1.069,49.174,18392,31416
18,100,1.069,49.174,17612,35530
18,100,1.069,49.174,20115,30798
18,100,1.069,49.174,18544,43485
18,100,1.069,49.174,24249,31706
18,100,1.069,49.174,18960,42158
18,100,1.069,49.174,21672,22540
18,100,1.069,49.174,19304,29230
18,100,1.069,49.174,18980,46842
18,100,1.069,49.174,19950,38824
18,100,1.069,49.174,22968,38502
18,100,1.069,49.174,21060,35335
18,100,1.069,49.174,22100,37720
18,100,1.069,49.174,21082,32178
18,100,1.069,49.174,18774,34532
18,100,1.069,49.174,22270,30618
18,100,1.069,49.174,22010,27900
18,100,1.069,49.174,20988,30576
18,100,1.069,49.174,20234,34368
18,100,1.069,49.174,19152,40352
18,100,1.033,47.518,21760,26702
18,100,1.033,47.518,17228,29040
18,100,1.033,47.518,21216,31122
18,100,1.033,47.518,25137,30046
18,100,1.033,47.518,21666,27716
18,100,1.033,47.518,21624,29068
18,100,1.033,47.518,20002,29412
18,100,1.033,47.518,22176,30438
18,100,1.033,47.518,22304,20164
18,100,1.033,47.518,22304,28875
18,100,1.033,47.518,22464,30430
18,100,1.033,47.518,23714,34209
18,100,1.033,47.518,21060,35340
18,100,1.033,47.518,24843,31229
18,100,1.033,47.518,20163,32256
18,100,1.033,47.518,22400,39644
18,100,1.033,47.518,23738,28884
18,100,1.033,47.518,21353,30082
18,100,1.033,47.518,19712,24804
18,100,1.033,47.518,20860,33286
18,100,1.033,47.518,22194,24900
6,50,1.14,81.50999999999999,14042,16786
6,50,1.14,81.50999999999999,19032,16642
6,50,1.14,81.50999999999999,14157,16274
6,50,1.14,81.50999999999999,13924,15543
6,50,1.14,81.50999999999999,22059,20532
6,50,1.14,81.50999999999999,14280,18603
6,50,1.14,81.50999999999999,17632,17980
6,50,1.14,81.50999999999999,9900,16530
6,50,1.14,81.50999999999999,13260,21240
6,50,1.14,81.50999999999999,10296,18788
6,50,1.14,81.50999999999999,13104,13938
6,50,1.14,81.50999999999999,14098,18476
6,50,1.14,81.50999999999999,13158,16585
6,50,1.24,88.66,16728,20160
6,50,1.24,88.66,14760,22072
6,50,1.24,88.66,18923,20124
6,50,1.24,88.66,14448,21600
6,50,1.24,88.66,12769,19662
6,50,1.24,88.66,17280,17328
6,50,1.24,88.66,18450,20541
6,50,1.24,88.66,16940,25872
6,50,1.19,85.085,15576,16100
6,50,1.19,85.085,15840,15840
6,50,1.19,85.085,21235,13803
6,50,1.19,85.085,16335,17515
6,50,1.19,85.085,21624,13580
6,50,1.19,85.085,22240,13872
6,50,1.19,85.085,17640,15914
6,50,1.09,77.935,9898,18328
6,50,1.09,77.935,13104,22302
6,50,1.09,77.935,11021,22528
6,50,1.09,77.935,13231,17050
6,50,1.09,77.935,14766,16950
6,60,1.1483333333333334,98.527,19656,22134
6,60,1.1483333333333334,98.527,17850,19520
6,60,1.1483333333333334,98.527,15494,19038
6,60,1.1483333333333334,98.527,19557,16478
6,60,1.1483333333333334,98.527,16625,23562
6,60,1.1483333333333334,98.527,21082,19635
6,60,1.1483333333333334,98.527,14994,17930
6,60,1.1483333333333334,98.527,17820,16218
6,50,1.1840000000000002,84.656,16605,13662
6,50,1.1840000000000002,84.656,17850,23736
6,50,1.1840000000000002,84.656,13560,16308
6,50,1.1840000000000002,84.656,21156,16912
5,190,0.2757894736842105,227.416,24948,66515
5,190,0.2757894736842105,227.416,20430,53382
5,190,0.2757894736842105,227.416,24990,40874
5,190,0.2757894736842105,227.416,26656,73332
5,190,0.2757894736842105,227.416,24832,56635
5,190,0.2757894736842105,227.416,26361,50907
5,190,0.2757894736842105,227.416,23655,44712
5,190,0.2757894736842105,227.416,23436,47096
5,190,0.2757894736842105,227.416,27918,45372
5,190,0.2757894736842105,227.416,25344,88208
5,190,0.2757894736842105,227.416,27342,61570
5,190,0.2757894736842105,227.416,24672,60690
5,190,0.2757894736842105,227.416,25800,57105
5,190,0.2757894736842105,227.416,24738,68544
5,180,0.2811111111111111,219.60400000000004,23760,48672
5,180,0.2811111111111111,219.60400000000004,24464,42636
5,180,0.2811111111111111,219.60400000000004,28518,44084
5,180,0.2811111111111111,219.60400000000004,25245,66564
5,180,0.2811111111111111,219.60400000000004,24882,67072
5,180,0.2811111111111111,219.60400000000004,26496,44352
5,180,0.2811111111111111,219.60400000000004,26132,60507
5,180,0.2811111111111111,219.60400000000004,30411,62068
5,180,0.2811111111111111,219.60400000000004,30192,55926
5,180,0.2811111111111111,219.60400000000004,28428,55880
5,180,0.2811111111111111,219.60400000000004,27405,56880
5,180,0.2811111111111111,219.60400000000004,22950,78817
5,180,0.2811111111111111,219.60400000000004,26588,71264
5,160,0.41375,287.308,22792,86900
5,160,0.41375,287.308,19116,98100
5,160,0.41375,287.308,21930,62678
5,160,0.41375,287.308,24661,78650
5,160,0.41375,287.308,24035,80088
5,160,0.41375,287.308,18954,87014
5,160,0.41375,287.308,26128,89077
5,160,0.41375,287.308,23529,76665
5,160,0.41375,287.308,27016,81300
5,160,0.41375,287.308,21672,76380
5,160,0.41375,287.308,20461,77988
5,160,0.41375,287.308,21402,93600
5,160,0.41375,287.308,28050,54225
5,160,0.41375,287.308,17784,76533
5,160,0.41375,287.308,25840,80066
5,160,0.41375,287.308,22932,78399
5,160,0.41375,287.308,22962,76440
5,170,0.3217647058823529,237.398,28100,78440
5,170,0.3217647058823529,237.398,22705,65286
5,170,0.3217647058823529,237.398,28350,58910
5,170,0.3217647058823529,237.398,28500,59928
5,170,0.3217647058823529,237.398,24794,75168
5,170,0.3217647058823529,237.398,31416,81840
5,170,0.3217647058823529,237.398,30765,72324
5,170,0.3217647058823529,237.398,21824,59718
5,170,0.3217647058823529,237.398,23660,58949
5,170,0.3217647058823529,237.398,24186,42222
5,170,0.3217647058823529,237.398,24840,64774
5,170,0.3217647058823529,237.398,27714,54390
5,170,0.3217647058823529,237.398,24794,48741
5,200,0.3125,271.25,21004,63736
5,200,0.3125,271.25,26159,65790
5,200,0.3125,271.25,21203,66000
5,200,0.3125,271.25,26664,62475
5,200,0.3125,271.25,23940,62379
5,200,0.3125,271.25,23994,71463
5,200,0.3125,271.25,23312,70992
5,200,0.3125,271.25,22352,64152
5,200,0.3125,271.25,22230,65148
5,200,0.3125,271.25,22320,60652
5,200,0.3125,271.25,27398,52140
5,200,0.3125,271.25,24156,59724
5,200,0.3125,271.25,23275,77520
5,200,0.3125,271.25,22610,74408
5,220,0.2981818181818181,284.70399999999995,62625,81056
5,220,0.2981818181818181,284.70399999999995,73927,41006
5,220,0.2981818181818181,284.70399999999995,63206,66560
5,220,0.2981818181818181,284.70399999999995,60896,70081
5,220,0.2981818181818181,284.70399999999995,59452,64435
5,220,0.2981818181818181,284.70399999999995,73320,60515
5,220,0.2927272727272728,279.49600000000004,21252,57784
5,220,0.2927272727272728,279.49600000000004,20992,79750
5,220,0.2927272727272728,279.49600000000004,20748,68057
5,220,0.2927272727272728,279.49600000000004,23660,58302
5,220,0.2927272727272728,279.49600000000004,23051,81221
5,220,0.2927272727272728,279.49600000000004,23490,65000
5,220,0.2927272727272728,279.49600000000004,22272,62720
5,220,0.2927272727272728,279.49600000000004,22695,52206
5,220,0.2927272727272728,279.49600000000004,24297,65535
5,220,0.2927272727272728,279.49600000000004,23436,69420
5,220,0.2927272727272728,279.49600000000004,22780,51984
5,220,0.2927272727272728,279.49600000000004,23130,71852
5,220,0.2927272727272728,279.49600000000004,23901,63335
5,220,0.2927272727272728,279.49600000000004,24596,76296
5,170,0.288235294117647,212.66,59168,88209
5,170,0.288235294117647,212.66,76074,91188
5,170,0.288235294117647,212.66,77616,65000
5,220,0.305,291.21399999999994,56160,73014
5,220,0.305,291.21399999999994,56445,69169
13,160,0.95125,92.842,33616,27548
13,160,0.95125,92.842,25921,26334
13,160,0.95125,92.842,36815,27555
13,160,0.95125,92.842,27388,27999
13,160,0.95125,92.842,4896,28800
13,160,0.95125,92.842,31603,21624
13,160,0.95125,92.842,26533,25610
13,160,0.95125,92.842,30600,15300
13,160,0.95125,92.842,24272,21122
13,160,0.95125,92.842,31816,26344
13,180,1.0322222222222224,113.33800000000002,31603,47912
13,180,1.0322222222222224,113.33800000000002,40132,6512
13,180,1.0322222222222224,113.33800000000002,4624,29315
13,180,1.0322222222222224,113.33800000000002,23214,34668
13,180,1.0322222222222224,113.33800000000002,33904,40145
13,180,1.0322222222222224,113.33800000000002,25597,42542
13,170,0.8505882352941176,88.20599999999999,17423,22032
13,170,0.8505882352941176,88.20599999999999,30396,26505
13,170,0.8505882352941176,88.20599999999999,41420,24486
13,50,1.042,31.781,8448,7650
13,50,1.042,31.781,8736,7350
13,50,1.042,31.781,9500,8645
13,50,1.042,31.781,9021,1560
13,50,1.042,31.781,8827,9500
13,50,1.042,31.781,9016,5183
13,50,1.042,31.781,8160,8505
13,190,1.0315789473684212,119.56000000000002,26980,36360
13,190,1.0315789473684212,119.56000000000002,25284,39597
13,190,1.0315789473684212,119.56000000000002,34980,36562
13,190,1.0315789473684212,119.56000000000002,23892,22308
13,190,1.0315789473684212,119.56000000000002,18696,31212
13,190,1.0315789473684212,119.56000000000002,18666,23345
13,190,1.0315789473684212,119.56000000000002,26134,28314
13,150,1.0326666666666666,94.489,36432,45144
13,150,1.0326666666666666,94.489,18796,58167
13,180,0.8577777777777779,94.184,28152,7568
13,180,0.8577777777777779,94.184,36386,72480
13,120,1.0625,77.77499999999999,23944,24650
13,120,1.0625,77.77499999999999,20724,32384
13,120,1.0625,77.77499999999999,25434,32578
13,120,1.0625,77.77499999999999,24960,34814
13,120,1.0625,77.77499999999999,3840,43054
13,120,1.0625,77.77499999999999,17835,28188
13,120,1.0625,77.77499999999999,16779,28561
13,120,1.0625,77.77499999999999,25380,37840
13,120,1.0625,77.77499999999999,23904,28884
13,120,1.0625,77.77499999999999,28611,37000
19,170,0.2211764705882353,806.52,23296,31450
19,170,0.2211764705882353,806.52,25252,35200
19,170,0.2211764705882353,806.52,18720,32886
19,170,0.2211764705882353,806.52,23647,31324
19,170,0.2211764705882353,806.52,21266,30260
19,170,0.2211764705882353,806.52,25200,36312
19,170,0.2211764705882353,806.52,24852,38606
19,170,0.2211764705882353,806.52,21204,38760
19,170,0.2211764705882353,806.52,21364,33345
19,170,0.2211764705882353,806.52,22746,30340
19,170,0.2211764705882353,806.52,21630,38934
19,150,0.2193333333333332,705.7049999999998,23744,25344
19,150,0.2193333333333332,705.7049999999998,21780,31080
19,150,0.2193333333333332,705.7049999999998,24182,37492
19,150,0.2193333333333332,705.7049999999998,26432,40376
19,150,0.2193333333333332,705.7049999999998,21210,30960
19,150,0.2193333333333332,705.7049999999998,25752,33998
19,150,0.2193333333333332,705.7049999999998,22110,35979
19,150,0.2193333333333332,705.7049999999998,29008,27104
19,150,0.2193333333333332,705.7049999999998,29040,46020
19,150,0.2193333333333332,705.7049999999998,22644,43054
19,150,0.2193333333333332,705.7049999999998,23920,46647
19,150,0.2193333333333332,705.7049999999998,25652,31790
19,150,0.2193333333333332,705.7049999999998,25650,39794
19,150,0.2193333333333332,705.7049999999998,26208,38804
19,150,0.218,701.4150000000002,23754,38760
19,150,0.218,701.4150000000002,25724,40158
19,150,0.218,701.4150000000002,23871,38367
19,150,0.218,701.4150000000002,19897,40860
19,150,0.218,701.4150000000002,21424,37240
19,150,0.218,701.4150000000002,21909,38200
19,150,0.218,701.4150000000002,22572,40824
19,150,0.218,701.4150000000002,20367,44506
19,150,0.218,701.4150000000002,17544,34572
19,150,0.218,701.4150000000002,17745,37056
19,150,0.218,701.4150000000002,20758,38793
19,150,0.218,701.4150000000002,19065,43248
19,150,0.218,701.4150000000002,19482,44702
19,150,0.218,701.4150000000002,23300,32351
19,150,0.218,701.4150000000002,21462,49776
19,150,0.218,701.4150000000002,23856,53118
19,150,0.218,701.4150000000002,20055,26565
19,150,0.218,701.4150000000002,20200,41370
19,150,0.218,701.4150000000002,18715,29328
19,150,0.218,701.4150000000002,18879,43068
19,140,0.2071428571428572,622.0500000000002,20160,33600
19,140,0.2071428571428572,622.0500000000002,24747,29684
19,140,0.2071428571428572,622.0500000000002,20544,27388
19,140,0.2071428571428572,622.0500000000002,20475,32164
19,140,0.2071428571428572,622.0500000000002,23634,51728
19,140,0.2071428571428572,622.0500000000002,21942,31265
19,140,0.2071428571428572,622.0500000000002,21728,40992
19,140,0.2071428571428572,622.0500000000002,21978,35263
19,140,0.2071428571428572,622.0500000000002,22472,31324
19,140,0.2071428571428572,622.0500000000002,19855,30030
19,140,0.2071428571428572,622.0500000000002,21244,27331
19,140,0.2071428571428572,622.0500000000002,22256,34848
19,150,0.2226666666666666,716.43,20488,36616
19,150,0.2226666666666666,716.43,22852,31229
19,150,0.2226666666666666,716.43,22321,33462
19,150,0.2226666666666666,716.43,16044,40530
19,150,0.2226666666666666,716.43,19224,31648
19,150,0.2226666666666666,716.43,19796,32178
19,150,0.2226666666666666,716.43,25623,48024
19,150,0.2226666666666666,716.43,26076,28224
19,150,0.2226666666666666,716.43,23296,30340
19,150,0.2226666666666666,716.43,23587,35512
19,150,0.2226666666666666,716.43,19594,28480
19,150,0.2226666666666666,716.43,17108,32400
8,450,0.9955555555555556,309.12,191840,88825
8,450,0.9955555555555556,309.12,99973,128714
8,450,0.9955555555555556,309.12,246330,125879
8,450,0.9955555555555556,309.12,212226,66444
8,450,0.9955555555555556,309.12,170425,156996
8,450,0.9955555555555556,309.12,177773,139040
8,450,0.9955555555555556,309.12,103490,263550
8,450,0.9955555555555556,309.12,93925,131860
8,450,0.9955555555555556,309.12,103275,268569
8,450,0.9955555555555556,309.12,82820,231546
8,450,0.9955555555555556,309.12,228600,131166
8,240,0.9145833333333332,151.45499999999996,41656,84720
8,240,0.9145833333333332,151.45499999999996,70336,83600
8,240,0.9145833333333332,151.45499999999996,64350,89280
8,240,0.9145833333333332,151.45499999999996,56547,79716
8,240,0.9145833333333332,151.45499999999996,61065,91350
8,240,0.9145833333333332,151.45499999999996,56358,91200
8,240,0.9145833333333332,151.45499999999996,51883,101311
8,240,0.9145833333333332,151.45499999999996,58377,90207
8,240,0.9145833333333332,151.45499999999996,69336,111800
8,240,0.9145833333333332,151.45499999999996,51285,222678
8,240,0.9145833333333332,151.45499999999996,54524,94856
8,240,0.9145833333333332,151.45499999999996,69840,95192
8,240,0.9145833333333332,151.45499999999996,51300,126615
8,240,0.9145833333333332,151.45499999999996,59850,86390
8,240,0.9145833333333332,151.45499999999996,70060,90528
8,240,0.9145833333333332,151.45499999999996,57909,96983
2,190,0.913157894736842,154.41499999999996,34944,82677
2,190,0.913157894736842,154.41499999999996,40480,89838
2,190,0.913157894736842,154.41499999999996,39204,99724
2,190,0.913157894736842,154.41499999999996,47121,75460
2,190,0.913157894736842,154.41499999999996,55297,57828
2,190,0.913157894736842,154.41499999999996,50505,112176
2,190,0.913157894736842,154.41499999999996,54600,86932
2,190,0.8426315789473684,142.489,35712,69384
2,190,0.8426315789473684,142.489,36946,66258
2,190,0.8426315789473684,142.489,33852,65313
2,190,0.8426315789473684,142.489,34692,72072
2,190,0.8426315789473684,142.489,31992,61544
2,190,0.8426315789473684,142.489,34694,94127
2,190,0.8426315789473684,142.489,32103,114210
2,190,0.8426315789473684,142.489,34408,61090
2,190,0.8426315789473684,142.489,38311,74592
2,190,0.8426315789473684,142.489,35420,78864
2,190,0.8426315789473684,142.489,36757,83600
2,200,0.7979999999999999,142.044,37088,136152
2,200,0.7979999999999999,142.044,43946,166364
2,170,0.923529411764706,139.73000000000002,55680,72478
2,170,0.923529411764706,139.73000000000002,55056,113090
2,170,0.923529411764706,139.73000000000002,48204,79875
2,170,0.923529411764706,139.73000000000002,59829,96115
2,170,0.923529411764706,139.73000000000002,47936,90174
2,170,0.923529411764706,139.73000000000002,39655,64558
2,170,0.923529411764706,139.73000000000002,53922,68748
2,170,0.923529411764706,139.73000000000002,41718,112203
2,170,0.923529411764706,139.73000000000002,61404,99157
2,140,0.8364285714285714,104.219,24966,70686
2,140,0.8364285714285714,104.219,22876,55706
2,140,0.8364285714285714,104.219,24648,69706
2,140,0.8364285714285714,104.219,24382,74466
2,140,0.8364285714285714,104.219,25612,78195
2,140,0.8364285714285714,104.219,26524,61854
2,140,0.8364285714285714,104.219,24674,59926
2,150,0.9986666666666668,133.322,35105,43099
2,150,0.9986666666666668,133.322,33480,58460
2,130,0.9869230769230768,114.187,34320,68012
2,130,0.9869230769230768,114.187,35530,73692
2,130,0.9869230769230768,114.187,36134,61242
2,130,0.9869230769230768,114.187,34710,67473
2,130,0.9869230769230768,114.187,35235,78792
2,130,0.9869230769230768,114.187,37932,61944
2,130,0.9869230769230768,114.187,16720,96535
2,130,0.9869230769230768,114.187,32578,68706
2,210,0.8738095238095238,163.315,60512,182385
2,210,0.8738095238095238,163.315,61004,64558
2,210,0.8738095238095238,163.315,48480,247104
2,210,0.8738095238095238,163.315,42570,154014
2,210,0.8738095238095238,163.315,58408,78864
2,210,0.8738095238095238,163.315,65660,112808
2,210,0.8738095238095238,163.315,54249,164124
2,170,0.9123529411764706,138.039,48168,90486
2,170,0.9123529411764706,138.039,35510,120380
2,170,0.9123529411764706,138.039,66421,98928
2,170,0.9123529411764706,138.039,56784,144480
2,170,0.9694117647058824,146.67200000000005,21988,31654
2,170,0.9694117647058824,146.67200000000005,25994,57672
2,170,0.9694117647058824,146.67200000000005,20880,29025
2,170,0.9694117647058824,146.67200000000005,17460,29210
2,170,0.9694117647058824,146.67200000000005,13974,48165
2,170,0.9694117647058824,146.67200000000005,22540,30686
2,170,0.9694117647058824,146.67200000000005,22878,30125
2,150,1.0233333333333334,136.615,40098,132616
2,150,1.0233333333333334,136.615,54590,233539
2,150,0.9426666666666668,125.846,27501,133416
2,150,0.9426666666666668,125.846,33120,106434
2,150,0.9266666666666666,123.71,43524,59630
2,170,0.9229411764705884,139.64100000000002,35955,150436
2,170,0.9229411764705884,139.64100000000002,50490,202212
2,150,0.96,128.16,24564,107406
2,150,0.96,128.16,26304,163452
4,200,0.3475,154.985,24354,41415
4,200,0.3475,154.985,35340,26572
4,200,0.3475,154.985,30855,48867
4,210,0.3828571428571429,179.292,41796,68666
4,210,0.3828571428571429,179.292,42714,53126
4,210,0.3828571428571429,179.292,32776,46065
4,210,0.3828571428571429,179.292,42406,48175
4,210,0.3828571428571429,179.292,33354,64218
4,210,0.3828571428571429,179.292,30929,66930
4,260,0.3011538461538461,174.60899999999998,58016,48884
4,260,0.3011538461538461,174.60899999999998,56320,53130
4,260,0.3011538461538461,174.60899999999998,40145,55125
4,260,0.3011538461538461,174.60899999999998,47084,66822
4,260,0.3011538461538461,174.60899999999998,50041,59961
4,260,0.3011538461538461,174.60899999999998,56133,55692
4,260,0.3011538461538461,174.60899999999998,52728,48884
4,210,0.329047619047619,154.093,49725,44268
4,210,0.329047619047619,154.093,47092,34782
4,210,0.329047619047619,154.093,43674,54120
4,210,0.329047619047619,154.093,44296,42486
4,230,0.4069565217391304,208.728,37947,62382
4,230,0.4069565217391304,208.728,33222,61857
4,230,0.4069565217391304,208.728,38642,68628
4,230,0.4069565217391304,208.728,40480,62640
4,270,0.3451851851851852,207.836,51811,68666
4,270,0.3451851851851852,207.836,55391,82144
4,270,0.3451851851851852,207.836,57300,79110
4,270,0.3107407407407408,187.09700000000004,47724,46956
4,270,0.3107407407407408,187.09700000000004,57702,58705
4,270,0.3107407407407408,187.09700000000004,44954,46814
4,270,0.3107407407407408,187.09700000000004,34720,75840
4,270,0.3107407407407408,187.09700000000004,52976,47344
4,270,0.3107407407407408,187.09700000000004,43621,67624
4,270,0.3107407407407408,187.09700000000004,37365,64777
4,260,0.3246153846153846,188.212,35483,62356
4,260,0.3246153846153846,188.212,39732,63142
4,260,0.3246153846153846,188.212,34438,64860
16,40,0.9975,751.317,6903,16512
16,40,0.9975,751.317,8184,17685
16,40,0.9975,751.317,8296,14112
16,40,0.9975,751.317,7502,18620
16,40,0.9975,751.317,7611,16896
16,40,0.9975,751.317,7134,17136
16,40,0.9975,751.317,7076,18612
16,40,0.9975,751.317,7375,15625
16,40,0.9975,751.317,6160,15738
16,40,0.9975,751.317,8384,17680
16,40,0.9975,751.317,7074,17920
16,40,0.9975,751.317,7688,17780
16,40,0.9975,751.317,6966,13221
16,40,0.9975,751.317,8385,14875
16,40,0.9975,751.317,7980,16632
16,40,1.1275,849.2329999999998,7854,21025
16,40,1.1275,849.2329999999998,7524,21021
16,40,1.1275,849.2329999999998,7700,25584
16,40,1.1275,849.2329999999998,8316,15624
16,40,1.1275,849.2329999999998,8320,17152
16,40,1.1275,849.2329999999998,7722,15065
16,40,1.1275,849.2329999999998,8118,16899
16,40,1.1275,849.2329999999998,7540,28552
16,40,1.1275,849.2329999999998,7198,16125
16,40,1.1275,849.2329999999998,7686,19176
16,40,1.1275,849.2329999999998,7800,20164
16,40,1.1275,849.2329999999998,7590,20286
16,30,1.46,824.7539999999999,7239,16120
16,30,1.46,824.7539999999999,8733,17820
16,30,1.46,824.7539999999999,8844,20280
16,30,1.46,824.7539999999999,7320,18161
16,30,1.46,824.7539999999999,7560,19152
16,30,1.46,824.7539999999999,6832,20160
16,30,1.46,824.7539999999999,8316,16779
16,30,1.46,824.7539999999999,8174,15624
16,30,1.46,824.7539999999999,9102,16470
16,30,1.46,824.7539999999999,8190,19800
16,30,1.46,824.7539999999999,8190,14040
16,30,1.46,824.7539999999999,7015,11766
16,30,1.46,824.7539999999999,6954,4620
16,30,1.46,824.7539999999999,7686,16740
16,30,1.46,824.7539999999999,7182,17097
16,40,1.045,787.0939999999998,8190,21855
16,40,1.045,787.0939999999998,7320,22040
16,40,1.045,787.0939999999998,6720,20286
16,40,1.045,787.0939999999998,8710,15240
16,40,1.045,787.0939999999998,9030,21879
16,60,0.7883333333333333,890.6589999999999,7320,19110
16,60,0.7883333333333333,890.6589999999999,9052,24450
16,60,0.7883333333333333,890.6589999999999,9315,22950
16,60,0.7883333333333333,890.6589999999999,9112,23384
16,60,0.7883333333333333,890.6589999999999,9798,22040
16,60,0.7883333333333333,890.6589999999999,10220,22896
16,150,0.84,2372.58,13416,47936
16,150,0.84,2372.58,13908,48672
16,150,0.84,2372.58,15936,41976
16,150,0.84,2372.58,13536,50310
16,150,0.84,2372.58,13950,63993
16,150,0.84,2372.58,14857,41410
16,150,0.84,2372.58,14322,46740
10,40,1.0225,26.994,15222,22410
10,40,1.0225,26.994,13640,23674
10,40,1.0225,26.994,12376,17545
10,40,1.0225,26.994,15621,22110
10,40,1.0225,26.994,15240,24702
10,40,1.0225,26.994,14625,25330
10,40,1.0225,26.994,14762,16060
10,50,1.03,33.99,13664,26132
10,50,1.03,33.99,14136,18602
10,50,1.03,33.99,14472,17690
10,50,1.03,33.99,14950,26815
10,50,1.03,33.99,14875,21735
10,50,1.03,33.99,16383,22638
10,50,1.03,33.99,16093,24168
10,40,0.96,25.344,12810,22712
10,40,0.96,25.344,11074,16184
10,40,0.96,25.344,13696,24300
10,40,0.96,25.344,13520,20930
10,40,0.96,25.344,12296,20838
10,40,0.96,25.344,13224,14805
10,40,0.975,25.74,14336,21465
10,40,0.975,25.74,13734,16728
10,40,0.975,25.74,13338,19684
10,40,0.975,25.74,14706,21054
10,40,0.975,25.74,12980,17255
10,40,0.975,25.74,14042,21760
10,40,0.975,25.74,12614,20736
10,40,0.995,26.268,12204,13938
10,40,0.995,26.268,13338,18270
10,40,0.995,26.268,12978,21114
10,40,0.995,26.268,11760,21546
10,40,0.995,26.268,12644,18724
10,40,0.995,26.268,12091,22630
10,40,0.995,26.268,13104,19344
3,140,0.2357142857142857,103.95,32485,139920
3,140,0.2357142857142857,103.95,56268,137200
3,140,0.2357142857142857,103.95,52780,137416
3,140,0.2357142857142857,103.95,28896,135762
3,140,0.2357142857142857,103.95,14784,168378
3,140,0.2357142857142857,103.95,23120,160310
3,140,0.2357142857142857,103.95,17405,148467
3,170,0.1629411764705882,87.25500000000001,58086,93330
3,150,0.192,90.72,57584,122838
3,140,0.19,83.79,49184,161182
3,140,0.19,83.79,40198,160602
3,140,0.19,83.79,35370,95142
3,140,0.19,83.79,50148,150660
3,140,0.19,83.79,40296,158772
3,140,0.19,83.79,35581,91728
3,140,0.19,83.79,43734,152091
3,170,0.1552941176470588,83.16,39278,84091
3,170,0.1552941176470588,83.16,29156,129618
3,160,0.1625,81.89999999999999,38250,155989
3,160,0.1625,81.89999999999999,19197,144318
3,140,0.2028571428571428,89.46,26390,123004
3,140,0.2028571428571428,89.46,18130,107856
3,140,0.2028571428571428,89.46,20130,112548
5,170,0.288235294117647,212.66,82176,64009
5,190,0.2757894736842105,227.416,29274,64944
5,160,0.41375,287.308,22707,64638
5,180,0.2811111111111111,219.60400000000004,21360,60756
5,170,0.3217647058823529,237.398,22680,66640
5,200,0.3125,271.25,25668,69276
5,220,0.2927272727272728,279.49600000000004,24661,74166
1,420,0.7738095238095238,169.0,71285,64206
1,290,0.8206896551724138,123.76,73377,60507
1,300,0.78,121.68,138714,75348
1,290,0.8137931034482758,122.72,72500,48138
1,310,0.7887096774193548,127.14,41958,50616
1,310,0.7935483870967742,127.92,53410,57810
1,290,0.8017241379310345,120.9,110143,57708
1,390,0.7525641025641026,152.62,49140,86400
1,280,0.7589285714285714,110.5,94575,41778
1,330,0.8257575757575758,141.70000000000002,51480,63210
1,330,0.8257575757575758,141.70000000000002,49922,50160
1,310,0.7419354838709677,119.6,50358,59292
1,330,0.7727272727272727,132.6,57096,53357
1,330,0.7727272727272727,132.6,55822,45552
1,330,0.7893939393939394,135.46,76950,64320
1,280,0.7821428571428571,113.88,91504,61857
1,290,0.7982758620689655,120.38,39104,44940
1,300,0.7933333333333333,123.76,59881,66420
1,350,0.7214285714285714,131.3,48837,39879
1,360,0.8013888888888889,150.02,66300,84084
1,300,0.85,132.6,44091,15470
12,150,0.926,87.50699999999999,59520,49648
12,160,1.046875,105.525,19530,17061
12,260,0.8384615384615385,137.34,82895,63756
12,160,1.378125,138.915,56406,45410
12,200,0.8965000000000001,112.959,34776,44310
12,220,0.8400000000000001,116.424,31648,41989
12,210,0.9642857142857144,127.57500000000002,97713,103090
12,190,0.8542105263157895,102.249,13794,11648
12,130,1.3823076923076922,113.211,26880,15120
12,200,0.8865000000000001,111.699,26243,13328
12,280,0.7067857142857144,124.677,77472,84862
12,260,0.9,147.42,38000,69160
12,270,0.8611111111111112,146.475,31960,48906
12,270,0.8611111111111112,146.475,36464,54253
12,220,0.9522727272727272,131.985,33847,43248
12,250,0.888,139.86,43442,58266
3,160,0.1625,81.89999999999999,44910,90576
3,140,0.2028571428571428,89.46,24857,116955
3,150,0.192,90.72,64800,124236
3,170,0.1629411764705882,87.25500000000001,46096,100293
3,170,0.1552941176470588,83.16,30731,189072
3,140,0.19,83.79,42738,93107
3,140,0.2357142857142857,103.95,39762,156510
4,230,0.4069565217391304,208.728,33276,64075
4,270,0.3451851851851852,207.836,53956,72136
4,200,0.3475,154.985,26852,49395
4,260,0.3246153846153846,188.212,40005,65520
4,210,0.3828571428571429,179.292,32088,47362
4,210,0.329047619047619,154.093,46706,47925
4,270,0.3107407407407408,187.09700000000004,58995,62006
4,260,0.3011538461538461,174.60899999999998,60800,50301
2,150,0.9266666666666666,123.71,49532,56090
2,150,0.9426666666666668,125.846,36385,91339
2,170,0.9229411764705884,139.64100000000002,57876,259184
2,150,0.96,128.16,48090,208488
2,190,0.913157894736842,154.41499999999996,47188,83580
2,210,0.8738095238095238,163.315,51840,112530
2,170,0.9123529411764706,138.039,51381,108580
2,190,0.8426315789473684,142.489,37800,73632
2,170,0.923529411764706,139.73000000000002,50964,115250
2,200,0.7979999999999999,142.044,85860,116116
2,140,0.8364285714285714,104.219,25272,68288
2,150,1.0233333333333334,136.615,43648,120435
2,170,0.9694117647058824,146.67200000000005,14720,23980
2,130,0.9869230769230768,114.187,35340,69650
2,150,0.9986666666666668,133.322,30318,51660
13,180,0.8577777777777779,94.184,34760,45540
13,170,0.8505882352941176,88.20599999999999,28938,19344
13,50,1.042,31.781,9996,16541
13,160,0.95125,92.842,24174,25344
13,180,1.0322222222222224,113.33800000000002,35581,43424
13,190,1.0315789473684212,119.56000000000002,27354,30192
13,150,1.0326666666666666,94.489,24450,70747
13,120,1.0625,77.77499999999999,16472,29415
7,50,0.804,971.232,7520,8319
7,60,0.64,927.744,23940,10032
7,60,0.66,956.736,26070,36068
7,80,0.52125,1007.472,38556,24035
7,70,0.6557142857142857,1108.944,39168,36300
7,90,0.5011111111111112,1089.6160000000002,42700,34648
7,60,0.63,913.248,35226,28350
6,50,1.09,77.935,13974,15587
6,50,1.14,81.50999999999999,10712,19964
6,50,1.14,81.50999999999999,19760,20207
6,50,1.24,88.66,19019,19803
6,50,1.19,85.085,20989,14445
6,50,1.1840000000000002,84.656,17250,14892
6,60,1.1483333333333334,98.527,14157,22538
8,450,0.9955555555555556,309.12,122019,138768
8,240,0.9145833333333332,151.45499999999996,53531,103395
11,90,1.1588888888888889,62.58,14058,39432
11,60,0.9183333333333332,33.059999999999995,16150,25380
11,80,1.0775,51.71999999999999,28363,33418
11,180,1.0683333333333334,115.38,31005,37908
11,50,1.366,40.98,18624,24576
11,130,1.1576923076923078,90.3,36250,37848
11,50,1.418,42.53999999999999,16020,29678
11,90,0.9733333333333332,52.55999999999999,21600,31605
11,110,0.9063636363636364,59.82,22236,33440
11,200,1.015,121.79999999999998,31668,41216
10,40,0.995,26.268,12312,17112
10,40,1.0225,26.994,14508,17374
10,50,1.03,33.99,16125,24480
10,40,0.96,25.344,11752,19454
10,40,0.975,25.74,13570,22176
16,60,0.7883333333333333,890.6589999999999,9295,24311
16,40,1.045,787.0939999999998,8220,21573
16,150,0.84,2372.58,14976,42427
16,40,1.1275,849.2329999999998,8307,20276
16,40,0.9975,751.317,6240,20824
16,30,1.46,824.7539999999999,7749,17816
19,150,0.218,701.4150000000002,19623,43164
19,150,0.218,701.4150000000002,20286,51450
19,150,0.2226666666666666,716.43,23754,34010
19,150,0.2193333333333332,705.7049999999998,26244,46215
19,170,0.2211764705882353,806.52,19425,31785
19,140,0.2071428571428572,622.0500000000002,21816,37332
17,150,1.0566666666666666,90.345,33210,55167
17,110,0.9618181818181818,60.30599999999999,21307,24472
17,100,1.038,59.166,23244,25434
17,90,1.068888888888889,54.834,18348,27209
9,100,0.901,26.129,21584,39790
9,90,1.0255555555555556,26.767,21684,27720
9,100,0.975,28.275,35154,32761
9,100,0.975,28.275,18088,46870
9,100,0.942,27.317999999999994,20748,43878
14,210,1.0214285714285714,57.915,29118,69500
14,180,1.0355555555555556,50.328,23302,50160
14,180,1.0355555555555556,50.328,21600,43956
14,190,0.811578947368421,41.634,21945,47424
14,160,1.08375,46.818000000000005,28485,45998
14,160,1.08375,46.818000000000005,30530,43200
18,150,1.012,69.828,30400,41591
18,150,1.012,69.828,31785,50380
18,100,1.069,49.174,18632,26243
18,100,1.069,49.174,20640,30178
18,100,1.033,47.518,20988,31494
18,100,1.033,47.518,20672,27384
18,100,0.907,41.722,20305,36064
15,260,0.95,96.33,42411,44928
15,290,0.9655172413793104,109.2,42864,39000
15,200,0.9875,77.025,23652,9409
15,210,0.9785714285714284,80.145,35136,33480
15,260,0.9576923076923076,97.11,41412,54225
15,230,0.8717391304347826,78.19500000000001,24165,15594
